-- phpMyAdmin SQL Dump
-- version 4.8.2
-- https://www.phpmyadmin.net/
--
-- Host: 127.0.0.1
-- Generation Time: May 10, 2021 at 05:06 PM
-- Server version: 10.1.34-MariaDB
-- PHP Version: 7.2.8

SET SQL_MODE = "NO_AUTO_VALUE_ON_ZERO";
SET AUTOCOMMIT = 0;
START TRANSACTION;
SET time_zone = "+00:00";


/*!40101 SET @OLD_CHARACTER_SET_CLIENT=@@CHARACTER_SET_CLIENT */;
/*!40101 SET @OLD_CHARACTER_SET_RESULTS=@@CHARACTER_SET_RESULTS */;
/*!40101 SET @OLD_COLLATION_CONNECTION=@@COLLATION_CONNECTION */;
/*!40101 SET NAMES utf8mb4 */;

--
-- Database: `spotdb`
--

-- --------------------------------------------------------

--
-- Table structure for table `admin`
--

CREATE TABLE `admin` (
  `admin_id` int(11) NOT NULL,
  `email` varchar(50) NOT NULL,
  `password` varchar(500) NOT NULL
) ENGINE=InnoDB DEFAULT CHARSET=utf8;

--
-- Dumping data for table `admin`
--

INSERT INTO `admin` (`admin_id`, `email`, `password`) VALUES
(1, 'admin@admin.com', 'admin');

-- --------------------------------------------------------

--
-- Table structure for table `answer`
--

CREATE TABLE `answer` (
  `qid` text NOT NULL,
  `ansid` text NOT NULL
) ENGINE=InnoDB DEFAULT CHARSET=utf8;

--
-- Dumping data for table `answer`
--

INSERT INTO `answer` (`qid`, `ansid`) VALUES
('60994b8e47228', '60994b8e8b81b'),
('60994b8ec1647', '60994b8ec9d92');

-- --------------------------------------------------------

--
-- Table structure for table `category`
--

CREATE TABLE `category` (
  `cat_id` int(12) NOT NULL,
  `category` varchar(200) DEFAULT NULL
) ENGINE=InnoDB DEFAULT CHARSET=latin1;

--
-- Dumping data for table `category`
--

INSERT INTO `category` (`cat_id`, `category`) VALUES
(1, 'programming'),
(6, 'networking'),
(7, 'java');
-- --------------------------------------------------------

--
-- Table structure for table `feedback`
--

CREATE TABLE `feedback` (
  `id` text NOT NULL,
  `email` varchar(50) NOT NULL,
  `feedback` varchar(500) NOT NULL,
  `date` date NOT NULL
) ENGINE=InnoDB DEFAULT CHARSET=utf8;

--
-- Dumping data for table `feedback`
--

INSERT INTO `feedback` (`id`, `email`, `feedback`, `date`) VALUES
('60994b41ab862', 'aj@gmail.com', 'hello,', '2021-05-10');

-- --------------------------------------------------------

--
-- Table structure for table `history`
--

CREATE TABLE `history` (
  `email` varchar(50) NOT NULL,
  `eid` text NOT NULL,
  `score` int(11) NOT NULL,
  `status` varchar(10) NOT NULL,
  `level` int(11) NOT NULL,
  `correct` int(11) NOT NULL,
  `wrong` int(11) NOT NULL,
  `date` timestamp NOT NULL DEFAULT CURRENT_TIMESTAMP ON UPDATE CURRENT_TIMESTAMP
) ENGINE=InnoDB DEFAULT CHARSET=utf8;

--
-- Dumping data for table `history`
--

INSERT INTO `history` (`email`, `eid`, `score`, `status`, `level`, `correct`, `wrong`, `date`) VALUES
('aj@gmail.com', '60994b6635b9b', 100, 'pass', 2, 2, 0, '2021-05-10 15:05:20');

-- --------------------------------------------------------

--
-- Table structure for table `options`
--

CREATE TABLE `options` (
  `qid` varchar(50) NOT NULL,
  `option` varchar(5000) NOT NULL,
  `optionid` text NOT NULL
) ENGINE=InnoDB DEFAULT CHARSET=utf8;

--
-- Dumping data for table `options`
--

INSERT INTO `options` (`qid`, `option`, `optionid`) VALUES
('60994b8e47228', 'd', '60994b8e8b81b'),
('60994b8e47228', 'k', '60994b8e8b828'),
('60994b8e47228', 'y', '60994b8e8b82d'),
('60994b8e47228', 'n', '60994b8e8b832'),
('60994b8ec1647', 'u', '60994b8ec9d83'),
('60994b8ec1647', 'o', '60994b8ec9d92'),
('60994b8ec1647', 'g', '60994b8ec9d98'),
('60994b8ec1647', 't', '60994b8ec9d9d');

-- --------------------------------------------------------

--
-- Table structure for table `questions`
--

CREATE TABLE `questions` (
  `eid` text NOT NULL,
  `qid` text NOT NULL,
  `qns` text NOT NULL,
  `choice` int(10) NOT NULL,
  `sn` int(11) NOT NULL
) ENGINE=InnoDB DEFAULT CHARSET=utf8;

--
-- Dumping data for table `questions`
--

INSERT INTO `questions` (`eid`, `qid`, `qns`, `choice`, `sn`) VALUES
('60994b6635b9b', '60994b8e47228', 'demo 1', 4, 1),
('60994b6635b9b', '60994b8ec1647', 'demo 2', 4, 2);

-- --------------------------------------------------------

--
-- Table structure for table `quiz`
--

CREATE TABLE `quiz` (
  `eid` text NOT NULL,
  `title` varchar(100) NOT NULL,
  `correct` int(11) NOT NULL,
  `wrong` int(11) NOT NULL,
  `total` int(11) NOT NULL,
  `time` bigint(20) NOT NULL,
  `date` timestamp NOT NULL DEFAULT CURRENT_TIMESTAMP ON UPDATE CURRENT_TIMESTAMP
) ENGINE=InnoDB DEFAULT CHARSET=utf8;

--
-- Dumping data for table `quiz`
--

INSERT INTO `quiz` (`eid`, `title`, `correct`, `wrong`, `total`, `time`, `date`) VALUES
('60994b6635b9b', 'Demo', 1, 1, 2, 2, '2021-05-10 15:04:06');

-- --------------------------------------------------------

--
-- Table structure for table `tblaccount`
--

CREATE TABLE `tblaccount` (
  `accnt_Id` int(11) NOT NULL,
  `username` varchar(255) DEFAULT NULL,
  `password` varchar(255) DEFAULT NULL,
  `user_Id` int(11) DEFAULT NULL
) ENGINE=InnoDB DEFAULT CHARSET=latin1;

-- --------------------------------------------------------

--
-- Table structure for table `tblcomment`
--

CREATE TABLE `tblcomment` (
  `comment_Id` int(11) NOT NULL,
  `comment` varchar(255) DEFAULT NULL,
  `post_Id` int(11) DEFAULT NULL,
  `datetime` datetime DEFAULT NULL,
  `user_Id` int(12) DEFAULT NULL
) ENGINE=InnoDB DEFAULT CHARSET=latin1;

-- --------------------------------------------------------

--
-- Table structure for table `tblpost`
--

CREATE TABLE `tblpost` (
  `post_Id` int(11) NOT NULL,
  `title` varchar(255) DEFAULT NULL,
  `content` text,
  `datetime` datetime DEFAULT NULL,
  `cat_id` int(12) DEFAULT NULL,
  `user_Id` int(12) DEFAULT NULL
) ENGINE=InnoDB DEFAULT CHARSET=latin1;

--
-- Dumping data for table `tblpost`
--

INSERT INTO `tblpost` (`post_Id`, `title`, `content`, `datetime`, `cat_id`, `user_Id`) VALUES
(16, 'how to learn c', 'i am beginner, where to start', '2021-05-10 08:32:51', 1, 19);

-- --------------------------------------------------------

--
-- Table structure for table `tbluser`
--

CREATE TABLE `tbluser` (
  `user_Id` int(11) NOT NULL,
  `fname` varchar(255) DEFAULT NULL,
  `email` varchar(255) CHARACTER SET utf8 DEFAULT NULL
) ENGINE=InnoDB DEFAULT CHARSET=latin1;

--
-- Dumping data for table `tbluser`
--

INSERT INTO `tbluser` (`user_Id`, `fname`, `email`) VALUES
(19, 'Ajay', 'aj@gmail.com');

-- --------------------------------------------------------

--
-- Table structure for table `user`
--

CREATE TABLE `user` (
  `name` varchar(50) NOT NULL,
  `gender` varchar(5) NOT NULL,
  `category` varchar(100) NOT NULL,
  `email` varchar(255) NOT NULL,
  `mob` bigint(20) NOT NULL,
  `password` varchar(50) NOT NULL
) ENGINE=InnoDB DEFAULT CHARSET=utf8;

--
-- Dumping data for table `user`
--

INSERT INTO `user` (`name`, `gender`, `category`, `email`, `mob`, `password`) VALUES
('Ajay', 'M', 'student', 'aj@gmail.com', 1111111111, 'b0baee9d279d34fa1dfd71aadb908c3f');

--
-- Indexes for dumped tables
--

--
-- Indexes for table `admin`
--
ALTER TABLE `admin`
  ADD PRIMARY KEY (`admin_id`);

--
-- Indexes for table `category`
--
ALTER TABLE `category`
  ADD PRIMARY KEY (`cat_id`);

--
-- Indexes for table `tblaccount`
--
ALTER TABLE `tblaccount`
  ADD PRIMARY KEY (`accnt_Id`),
  ADD KEY `user_Id` (`user_Id`);

--
-- Indexes for table `tblcomment`
--
ALTER TABLE `tblcomment`
  ADD PRIMARY KEY (`comment_Id`),
  ADD KEY `user_Id` (`user_Id`),
  ADD KEY `post_Id` (`post_Id`),
  ADD KEY `user_Id_2` (`user_Id`);

--
-- Indexes for table `tblpost`
--
ALTER TABLE `tblpost`
  ADD PRIMARY KEY (`post_Id`),
  ADD KEY `cat_id` (`cat_id`),
  ADD KEY `user_Id` (`user_Id`);

--
-- Indexes for table `tbluser`
--
ALTER TABLE `tbluser`
  ADD PRIMARY KEY (`user_Id`),
  ADD KEY `email` (`email`);

--
-- Indexes for table `user`
--
ALTER TABLE `user`
  ADD PRIMARY KEY (`email`);

--
-- AUTO_INCREMENT for dumped tables
--

--
-- AUTO_INCREMENT for table `admin`
--
ALTER TABLE `admin`
  MODIFY `admin_id` int(11) NOT NULL AUTO_INCREMENT, AUTO_INCREMENT=3;

--
-- AUTO_INCREMENT for table `category`
--
ALTER TABLE `category`
  MODIFY `cat_id` int(12) NOT NULL AUTO_INCREMENT, AUTO_INCREMENT=8;

--
-- AUTO_INCREMENT for table `tblaccount`
--
ALTER TABLE `tblaccount`
  MODIFY `accnt_Id` int(11) NOT NULL AUTO_INCREMENT, AUTO_INCREMENT=10;

--
-- AUTO_INCREMENT for table `tblcomment`
--
ALTER TABLE `tblcomment`
  MODIFY `comment_Id` int(11) NOT NULL AUTO_INCREMENT, AUTO_INCREMENT=17;

--
-- AUTO_INCREMENT for table `tblpost`
--
ALTER TABLE `tblpost`
  MODIFY `post_Id` int(11) NOT NULL AUTO_INCREMENT, AUTO_INCREMENT=17;

--
-- AUTO_INCREMENT for table `tbluser`
--
ALTER TABLE `tbluser`
  MODIFY `user_Id` int(11) NOT NULL AUTO_INCREMENT, AUTO_INCREMENT=20;

--
-- Constraints for dumped tables
--

--
-- Constraints for table `tblaccount`
--
ALTER TABLE `tblaccount`
  ADD CONSTRAINT `tblaccount_ibfk_1` FOREIGN KEY (`user_Id`) REFERENCES `tbluser` (`user_Id`) ON DELETE CASCADE ON UPDATE CASCADE;

--
-- Constraints for table `tblcomment`
--
ALTER TABLE `tblcomment`
  ADD CONSTRAINT `tblcomment_ibfk_1` FOREIGN KEY (`user_Id`) REFERENCES `tbluser` (`user_Id`) ON DELETE CASCADE ON UPDATE CASCADE,
  ADD CONSTRAINT `tblcomment_ibfk_2` FOREIGN KEY (`post_Id`) REFERENCES `tblpost` (`post_Id`) ON DELETE CASCADE ON UPDATE CASCADE;

--
-- Constraints for table `tblpost`
--
ALTER TABLE `tblpost`
  ADD CONSTRAINT `tblpost_ibfk_1` FOREIGN KEY (`cat_id`) REFERENCES `category` (`cat_id`) ON DELETE CASCADE ON UPDATE CASCADE;

--
-- Constraints for table `tbluser`
--
ALTER TABLE `tbluser`
  ADD CONSTRAINT `tbluser_ibfk_1` FOREIGN KEY (`email`) REFERENCES `user` (`email`);
COMMIT;

/*!40101 SET CHARACTER_SET_CLIENT=@OLD_CHARACTER_SET_CLIENT */;
/*!40101 SET CHARACTER_SET_RESULTS=@OLD_CHARACTER_SET_RESULTS */;
/*!40101 SET COLLATION_CONNECTION=@OLD_COLLATION_CONNECTION */;
